count,mean,min,max,stdev,sem,var,cv,skew,kurt,p25,p50,p75,p95,p99
11352.000000,0.737844,0.000000,8.000000,0.942624,0.008847,0.888540,1.277539,1.561703,3.250011,0.000000,0.000000,1.000000,3.000000,4.000000
