count,mean,min,max,stdev,sem,var,cv,skew,kurt,p25,p50,p75,p95,p99
11352.000000,0.737932,0.000000,9.000000,1.101866,0.010342,1.214109,1.493182,1.636901,2.856482,0.000000,0.000000,1.000000,3.000000,4.000000
