Unit,count,mean,min,max,stdev,sem,var,cv,skew,kurt,p25,p50,p75,p95,p99
CSection,11352.000000,0.044309,0.000000,2.000000,0.210028,0.001971,0.044112,4.740034,4.712096,21.879361,0.000000,0.000000,0.000000,0.000000,1.000000
LDR,11352.000000,0.231149,0.000000,4.000000,0.478915,0.004495,0.229360,2.071894,2.060320,4.204474,0.000000,0.000000,0.000000,1.000000,2.000000
Obs,11352.000000,0.231149,0.000000,4.000000,0.482581,0.004529,0.232884,2.087749,2.114295,4.619613,0.000000,0.000000,0.000000,1.000000,2.000000
PP,11352.000000,0.231325,0.000000,4.000000,0.480483,0.004510,0.230864,2.077094,2.112067,4.761882,0.000000,0.000000,0.000000,1.000000,2.000000
