Unit,count,mean,min,max,stdev,sem,var,cv,skew,kurt,p25,p50,p75,p95,p99
CSection,11352.000000,0.070730,0.000000,3.000000,0.242512,0.002276,0.058812,3.428674,4.206889,23.371004,0.000000,0.000000,0.000000,0.730326,1.000000
LDR,11352.000000,1.381035,0.000000,4.000000,1.082458,0.010160,1.171714,0.783802,0.551449,-0.412673,0.589444,1.000000,2.000000,3.389049,4.000000
Obs,11352.000000,0.015231,0.000000,2.737361,0.134078,0.001258,0.017977,8.802768,10.819023,135.038088,0.000000,0.000000,0.000000,0.000000,0.733858
PP,11352.000000,6.412447,0.000000,12.000000,2.369722,0.022241,5.615580,0.369550,0.250526,-0.420901,5.000000,6.000000,8.000000,10.760069,12.000000
