count,mean,min,max,stdev,sem,var,cv,skew,kurt,p25,p50,p75,p95,p99
11352.000000,7.879443,1.000000,18.000000,2.621682,0.024606,6.873215,0.332724,0.339296,-0.090767,6.000000,8.000000,9.826181,12.424208,14.437140
