Unit,count,mean,min,max,stdev,sem,var,cv,skew,kurt,p25,p50,p75,p95,p99
CSection,11352.000000,0.044309,0.000000,2.000000,0.209608,0.001967,0.043936,4.730558,4.685606,21.487519,0.000000,0.000000,0.000000,0.000000,1.000000
LDR,11352.000000,0.231325,0.000000,4.000000,0.481033,0.004515,0.231393,2.079470,2.120537,4.821477,0.000000,0.000000,0.000000,1.000000,2.000000
Obs,11352.000000,0.231149,0.000000,4.000000,0.478915,0.004495,0.229360,2.071894,2.060320,4.204474,0.000000,0.000000,0.000000,1.000000,2.000000
PP,11352.000000,0.231061,0.000000,5.000000,0.589077,0.005529,0.347012,2.549447,3.053795,10.677990,0.000000,0.000000,0.000000,1.000000,3.000000
