PatType,count,mean,min,max,stdev,sem,var,cv,skew,kurt,p25,p50,p75,p95,p99
ART,2160.000000,1.331057,0.000000,13.016667,2.386611,0.051352,5.695914,1.793019,1.699205,1.858073,0.000000,0.000000,1.916667,6.667500,8.827333
CAT,2160.000000,1.756728,0.000000,10.500000,2.372268,0.051043,5.627655,1.350390,1.389424,0.924470,0.000000,0.583333,2.883333,6.885000,8.716667
IVT,2160.000000,5.858279,0.000000,33.616667,8.058795,0.173398,64.944172,1.375625,1.241707,0.235209,0.000000,0.916667,10.025000,22.901667,27.761500
MYE,2160.000000,1.396312,0.000000,11.366667,2.256652,0.048555,5.092476,1.616152,1.603450,1.517389,0.000000,0.000000,2.020833,6.350000,8.407667
OTH,2160.000000,0.878056,0.000000,8.766667,1.677568,0.036096,2.814235,1.910549,2.118455,4.039591,0.000000,0.000000,1.083333,4.769167,7.013667
