count,mean,min,max,stdev,sem,var,cv,skew,kurt,p25,p50,p75,p95,p99
6576.000000,9.105383,0.000000,54.000000,12.049618,0.148591,145.193303,1.323351,1.122631,-0.091141,0.000000,2.000000,18.000000,33.000000,40.000000
