count,mean,min,max,stdev,sem,var,cv,skew,kurt,p25,p50,p75,p95,p99
6576.000000,11.050857,0.000000,60.450000,14.416628,0.177780,207.839175,1.304571,1.079433,-0.225840,0.250000,1.983333,21.987500,40.487500,47.829167
