PatType,count,mean,min,max,stdev,sem,var,cv,skew,kurt,p25,p50,p75,p95,p99
ART,6576.000000,0.876064,0.000000,11.000000,1.707420,0.021055,2.915284,1.948966,2.044947,3.541325,0.000000,0.000000,1.000000,5.000000,7.000000
CAT,6576.000000,1.625912,0.000000,12.000000,2.280276,0.028119,5.199657,1.402459,1.493959,1.461686,0.000000,1.000000,3.000000,7.000000,9.000000
IVT,6576.000000,5.045468,0.000000,32.000000,7.174219,0.088470,51.469415,1.421913,1.346475,0.587699,0.000000,1.000000,8.000000,21.000000,25.000000
MYE,6576.000000,0.985097,0.000000,10.000000,1.713846,0.021134,2.937268,1.739773,1.948869,3.451006,0.000000,0.000000,1.000000,5.000000,7.000000
OTH,6576.000000,0.572841,0.000000,8.000000,1.256291,0.015492,1.578268,2.193090,2.613393,6.984429,0.000000,0.000000,0.000000,3.000000,6.000000
