count,mean,min,max,stdev,sem,var,cv,skew,kurt,p25,p50,p75,p95,p99
6576.000000,9.105383,0.000000,54.000000,12.061301,0.148735,145.474976,1.324634,1.197855,0.157709,0.000000,2.000000,17.000000,35.000000,41.000000
